{
	"distancePerGen" : 
	[
		4560.091054632011,
		4435.8392658736848,
		4327.3144655809083,
		4284.5569069292887,
		4134.7164143850741,
		4071.8314450834196,
		4071.8314450834196,
		3913.5035616046116,
		3913.5035616046116,
		3847.0052971724663,
		3834.7690112592663,
		3804.7305770269386,
		3757.2389344736284,
		3720.3886098803728,
		3714.4411638648353,
		3595.8136390200029,
		3595.8136390200029,
		3539.4585476841949,
		3471.8208771162281,
		3471.8208771162281,
		3471.8208771162281,
		3460.0493077613246,
		3376.1756302634099,
		3376.1756302634099,
		3201.8800908387102,
		3201.8800908387102,
		3201.8800908387102,
		3140.7005443690427,
		3140.7005443690427,
		3102.0556373095424,
		3043.9049013531485,
		2979.0079992478463,
		2979.0079992478463,
		2932.7264164155067,
		2916.1023972962121,
		2813.7963918559781,
		2813.7963918559781,
		2678.4151299031241,
		2678.4151299031241,
		2665.4320823595408,
		2665.4320823595408,
		2665.4320823595408,
		2665.4320823595408,
		2603.4361068291455,
		2603.4361068291455,
		2603.4361068291455,
		2603.4361068291455,
		2567.5114791373071,
		2554.0645534734058,
		2474.9469661040735,
		2474.9469661040735,
		2474.9469661040735,
		2474.9469661040735,
		2474.9469661040735,
		2457.1365147076895,
		2457.1365147076895,
		2431.9057784190336,
		2409.8731909647599,
		2379.8117498844626,
		2379.8117498844626,
		2329.3638418765763,
		2329.3638418765763,
		2278.9694486490603,
		2278.9694486490603,
		2278.9694486490603,
		2270.1597300089834,
		2270.1597300089834,
		2270.1597300089834,
		2256.6318173008981,
		2122.46933480597,
		2122.46933480597,
		2122.46933480597,
		2106.7768895249642,
		2104.5888253442199,
		2104.5888253442199,
		2065.7579683206618,
		2060.9099547617934,
		2047.3486021296919,
		1977.5833413952871,
		1977.5833413952871,
		1977.5833413952871,
		1977.5833413952871,
		1975.6578221922989,
		1974.582570186996,
		1951.2168831848817,
		1920.7031147019845,
		1897.6729625601072,
		1897.6729625601072,
		1897.6729625601072,
		1871.5280496099601,
		1871.5280496099601,
		1848.277200481979,
		1848.277200481979,
		1848.277200481979,
		1823.0522498434323,
		1814.4254860871085,
		1811.8357533675392,
		1801.6666158793562,
		1763.2405716148221,
		1741.4529894398245,
		1733.7663675056999,
		1718.1247399944514,
		1712.4838312529669,
		1701.5383451259836,
		1701.5383451259836
	],
	"finalDist" : 1701.5383451259836,
	"genCount" : 105,
	"nodeCount" : 100,
	"timePerGen" : 
	[
		"00:00:00.270504",
		"00:00:00.538315",
		"00:00:00.809312",
		"00:00:01.077726",
		"00:00:01.347629",
		"00:00:01.619489",
		"00:00:01.893872",
		"00:00:02.170821",
		"00:00:02.450237",
		"00:00:02.725293",
		"00:00:03.008894",
		"00:00:03.292447",
		"00:00:03.576889",
		"00:00:03.858420",
		"00:00:04.143448",
		"00:00:04.428440",
		"00:00:04.713747",
		"00:00:05.000242",
		"00:00:05.286499",
		"00:00:05.573265",
		"00:00:05.872139",
		"00:00:06.160490",
		"00:00:06.446552",
		"00:00:06.731642",
		"00:00:07.028522",
		"00:00:07.319149",
		"00:00:07.609279",
		"00:00:07.897470",
		"00:00:08.185614",
		"00:00:08.476909",
		"00:00:08.766173",
		"00:00:09.058137",
		"00:00:09.348303",
		"00:00:09.638103",
		"00:00:09.926567",
		"00:00:10.218788",
		"00:00:10.508193",
		"00:00:10.801217",
		"00:00:11.094951",
		"00:00:11.384995",
		"00:00:11.675785",
		"00:00:11.967327",
		"00:00:12.255559",
		"00:00:12.542951",
		"00:00:12.832543",
		"00:00:13.121714",
		"00:00:13.411074",
		"00:00:13.700966",
		"00:00:13.990050",
		"00:00:14.279508",
		"00:00:14.566943",
		"00:00:14.853208",
		"00:00:15.140088",
		"00:00:15.426367",
		"00:00:15.714028",
		"00:00:16.004056",
		"00:00:16.292315",
		"00:00:16.580208",
		"00:00:16.897989",
		"00:00:17.191061",
		"00:00:17.478201",
		"00:00:17.794976",
		"00:00:18.085723",
		"00:00:18.374386",
		"00:00:18.666251",
		"00:00:18.955971",
		"00:00:19.249116",
		"00:00:19.539681",
		"00:00:19.833234",
		"00:00:20.125237",
		"00:00:20.419197",
		"00:00:20.717643",
		"00:00:21.012089",
		"00:00:21.314667",
		"00:00:21.618971",
		"00:00:21.916710",
		"00:00:22.217696",
		"00:00:22.508969",
		"00:00:22.800717",
		"00:00:23.090402",
		"00:00:23.375885",
		"00:00:23.658869",
		"00:00:23.942829",
		"00:00:24.224732",
		"00:00:24.505295",
		"00:00:24.786708",
		"00:00:25.070028",
		"00:00:25.351934",
		"00:00:25.632755",
		"00:00:25.915730",
		"00:00:26.199149",
		"00:00:26.484666",
		"00:00:26.768086",
		"00:00:27.051189",
		"00:00:27.333913",
		"00:00:27.617796",
		"00:00:27.901050",
		"00:00:28.182957",
		"00:00:28.466545",
		"00:00:28.750722",
		"00:00:29.032124",
		"00:00:29.314370",
		"00:00:29.593418",
		"00:00:29.874001",
		"00:00:30.154380"
	],
	"totalTime" : "00:00:30.154403"
}
