{
	"distancePerGen" : 
	[
		4560.091054632011,
		4435.8392658736848
	],
	"finalDist" : 1701.5383451259836,
	"genCount" : 105,
	"nodeCount" : 100,
	"timePerGen" : 
	[
		"00:00:00.270504",
		"00:00:00.538315"
	],
	"totalTime" : "00:00:30.154403"
}
