{
	"distancePerGen" : 
	[
		4419.3386585936614,
		4419.3386585936614,
		4326.4352837897086,
		4326.4352837897086,
		3837.5295834538597,
		3837.5295834538597,
		3837.5295834538597,
		3837.5295834538597,
		3837.5295834538597,
		3781.0428745916024,
		3708.2479490195178,
		3641.3338600330267,
		3616.3610458163789,
		3568.1499934327499,
		3528.8642013446802,
		3422.6402039367485,
		3422.6402039367485,
		3313.4606499834758,
		3313.4606499834758,
		3213.8545795271621,
		3213.8545795271621,
		3207.2503440617556,
		3187.6519629637914,
		3127.3453022332583,
		3122.8427707586611,
		3122.8427707586611,
		3057.7334930216884,
		3010.7372126227447,
		2977.6017521345757,
		2969.3337576536369,
		2958.5448596910601,
		2958.3523301185451,
		2898.8411755529914,
		2796.9850417667794,
		2796.9850417667794,
		2796.9850417667794,
		2796.9850417667794,
		2713.6202828546402,
		2713.6202828546402,
		2713.6202828546402,
		2660.5048685665979,
		2656.9211171242596,
		2604.2555581539718,
		2507.7548573146141,
		2507.7548573146141,
		2507.7548573146141,
		2507.7548573146141,
		2489.3528360255605,
		2489.3528360255605,
		2454.7789088542804,
		2438.7901458805518,
		2432.4108200652008,
		2323.4596079880498,
		2323.4596079880498,
		2323.4596079880498,
		2309.2356482898422,
		2304.3012497343475,
		2275.7562823148774,
		2214.6237286103215,
		2141.6394240589652,
		2141.6394240589652,
		2141.6394240589652,
		2141.6394240589652,
		2141.6394240589652,
		2141.6394240589652,
		2120.9430448490039,
		2052.0195473604799,
		2052.0195473604799,
		2052.0195473604799,
		2052.0195473604799,
		2052.0195473604799,
		2016.9315261545551,
		1982.1592064738793,
		1982.1592064738793,
		1953.4290841937641,
		1953.4290841937641,
		1953.4290841937641,
		1906.8324639438235,
		1858.1946828270716,
		1858.1946828270716,
		1858.1946828270716,
		1854.5075367016429,
		1854.5075367016429,
		1826.8491923251884,
		1822.5588112079449,
		1775.8116202075057,
		1756.2544465431627,
		1710.9864717605703,
		1699.8961751166287,
		1698.938040273242,
		1698.938040273242,
		1698.938040273242,
		1677.4755106025207,
		1660.9153685722497,
		1657.7401437104129,
		1657.1136737226195,
		1631.2778996583004,
		1631.2778996583004,
		1631.2778996583004,
		1631.2778996583004,
		1631.2778996583004,
		1618.0604670520017,
		1604.2589825963853,
		1604.2589825963853,
		1600.8032903705803,
		1593.7398016288662
	],
	"finalDist" : 1593.7398016288662,
	"genCount" : 106,
	"nodeCount" : 100,
	"timePerGen" : 
	[
		"00:00:00.277511",
		"00:00:00.553142",
		"00:00:00.833871",
		"00:00:01.120502",
		"00:00:01.397338",
		"00:00:01.676758",
		"00:00:01.958728",
		"00:00:02.242773",
		"00:00:02.525978",
		"00:00:02.820826",
		"00:00:03.105897",
		"00:00:03.391289",
		"00:00:03.678234",
		"00:00:03.969889",
		"00:00:04.260730",
		"00:00:04.546032",
		"00:00:04.829333",
		"00:00:05.111872",
		"00:00:05.393905",
		"00:00:05.674665",
		"00:00:05.959628",
		"00:00:06.247176",
		"00:00:06.531740",
		"00:00:06.816310",
		"00:00:07.101039",
		"00:00:07.387455",
		"00:00:07.673014",
		"00:00:07.957930",
		"00:00:08.242294",
		"00:00:08.525112",
		"00:00:08.811834",
		"00:00:09.095619",
		"00:00:09.382544",
		"00:00:09.672032",
		"00:00:09.957928",
		"00:00:10.243608",
		"00:00:10.528759",
		"00:00:10.815478",
		"00:00:11.105929",
		"00:00:11.391345",
		"00:00:11.677054",
		"00:00:11.964208",
		"00:00:12.250101",
		"00:00:12.535821",
		"00:00:12.820572",
		"00:00:13.106960",
		"00:00:13.393303",
		"00:00:13.682036",
		"00:00:13.967460",
		"00:00:14.251225",
		"00:00:14.537322",
		"00:00:14.824390",
		"00:00:15.110023",
		"00:00:15.396873",
		"00:00:15.683886",
		"00:00:15.969615",
		"00:00:16.256702",
		"00:00:16.545011",
		"00:00:16.832263",
		"00:00:17.118034",
		"00:00:17.406121",
		"00:00:17.690526",
		"00:00:17.974781",
		"00:00:18.264544",
		"00:00:18.556708",
		"00:00:18.849230",
		"00:00:19.133339",
		"00:00:19.417196",
		"00:00:19.703536",
		"00:00:19.988310",
		"00:00:20.274739",
		"00:00:20.571455",
		"00:00:20.856830",
		"00:00:21.143941",
		"00:00:21.450588",
		"00:00:21.735083",
		"00:00:22.017038",
		"00:00:22.300313",
		"00:00:22.585339",
		"00:00:22.868157",
		"00:00:23.148718",
		"00:00:23.431478",
		"00:00:23.712607",
		"00:00:23.995251",
		"00:00:24.277606",
		"00:00:24.558815",
		"00:00:24.839074",
		"00:00:25.120124",
		"00:00:25.400589",
		"00:00:25.681729",
		"00:00:25.962959",
		"00:00:26.243946",
		"00:00:26.523097",
		"00:00:26.802523",
		"00:00:27.082972",
		"00:00:27.362886",
		"00:00:27.638310",
		"00:00:27.916676",
		"00:00:28.191217",
		"00:00:28.463931",
		"00:00:28.734335",
		"00:00:29.002144",
		"00:00:29.267185",
		"00:00:29.531309",
		"00:00:29.791752",
		"00:00:30.052703"
	],
	"totalTime" : "00:00:30.052728"
}
