{
	"distancePerGen" : 
	[
		4544.2930918224474,
		4452.8480753300973,
		4403.1894109945597,
		4307.3940042024278,
		4291.3253512266137,
		4034.4672797900384,
		4029.8617338585486,
		4029.8617338585486,
		3878.9121023603607,
		3815.9708339827184,
		3815.9708339827184,
		3726.5832623167803,
		3726.5832623167803,
		3726.5832623167803,
		3718.2950674757076,
		3601.0820089513445,
		3601.0820089513445,
		3601.0820089513445,
		3560.3554937605054,
		3440.6869781560067,
		3440.6869781560067,
		3440.6869781560067,
		3420.6263092097511,
		3405.688493893801,
		3368.4017759759454,
		3239.8865956261625,
		3239.8865956261625,
		3239.8865956261625,
		3239.8865956261625,
		3239.8865956261625,
		3172.3951981566911,
		3137.1475362200649,
		3137.1475362200649,
		3137.1475362200649,
		3109.5377796426055,
		3086.7555965719166,
		3044.2700877245361,
		3044.2700877245361,
		3044.2700877245361,
		3020.9749395609306,
		3011.3159722459782,
		2958.7060801379957,
		2958.7060801379957,
		2958.7060801379957,
		2929.8981854019571,
		2906.5261553962855,
		2906.5261553962855,
		2839.3251247336689,
		2824.7775202591147,
		2824.7775202591147,
		2788.1200143135779,
		2784.4999840248643,
		2728.9623919275828,
		2728.9623919275828,
		2722.1317839386993,
		2663.4121138965006,
		2663.4121138965006,
		2651.5042187662452,
		2636.9116073115515,
		2603.2151334209893,
		2603.2151334209893,
		2523.4661671168092,
		2523.4661671168092,
		2516.2268855121933,
		2516.2268855121933,
		2485.5285053075572,
		2460.7400938253736,
		2460.7400938253736,
		2411.4254994092171,
		2392.7545047115018,
		2392.7545047115018,
		2315.0819298413039,
		2315.0819298413039,
		2315.0819298413039,
		2311.9820076451738,
		2307.5192448842326,
		2267.9767912210082,
		2267.9767912210082,
		2256.8617148210024,
		2231.9130337424544,
		2170.8752205536402,
		2170.8752205536402,
		2170.8752205536402,
		2170.8752205536402,
		2170.8752205536402,
		2170.8752205536402,
		2161.9439450705258,
		2158.2760990347624,
		2110.6917021932077,
		2096.5909755924126,
		2056.7093427406126,
		2053.7318880599087,
		2053.7318880599087,
		2026.9277843046561,
		2020.888833006358,
		2020.888833006358,
		2018.4156644732045,
		1999.8801437070367,
		1961.5550973976235,
		1961.5550973976235,
		1957.8034917157577,
		1949.8664760400034,
		1949.3106832088374
	],
	"finalDist" : 1949.3106832088374,
	"genCount" : 103,
	"nodeCount" : 100,
	"timePerGen" : 
	[
		"00:00:00.279954",
		"00:00:00.558341",
		"00:00:00.840421",
		"00:00:01.142022",
		"00:00:01.420455",
		"00:00:01.696987",
		"00:00:01.977206",
		"00:00:02.257210",
		"00:00:02.538554",
		"00:00:02.821341",
		"00:00:03.104964",
		"00:00:03.388600",
		"00:00:03.671903",
		"00:00:03.956477",
		"00:00:04.240435",
		"00:00:04.526265",
		"00:00:04.811841",
		"00:00:05.096516",
		"00:00:05.380270",
		"00:00:05.666504",
		"00:00:05.951668",
		"00:00:06.239408",
		"00:00:06.525295",
		"00:00:06.813540",
		"00:00:07.101085",
		"00:00:07.388452",
		"00:00:07.673054",
		"00:00:07.961876",
		"00:00:08.253099",
		"00:00:08.541914",
		"00:00:08.831701",
		"00:00:09.121949",
		"00:00:09.411989",
		"00:00:09.701429",
		"00:00:09.991327",
		"00:00:10.282306",
		"00:00:10.572531",
		"00:00:10.861741",
		"00:00:11.153368",
		"00:00:11.443517",
		"00:00:11.733448",
		"00:00:12.024356",
		"00:00:12.315246",
		"00:00:12.606986",
		"00:00:12.897815",
		"00:00:13.190601",
		"00:00:13.482574",
		"00:00:13.776287",
		"00:00:14.068048",
		"00:00:14.360239",
		"00:00:14.650523",
		"00:00:14.942956",
		"00:00:15.235140",
		"00:00:15.526476",
		"00:00:15.815121",
		"00:00:16.105120",
		"00:00:16.396026",
		"00:00:16.686867",
		"00:00:16.976310",
		"00:00:17.266081",
		"00:00:17.556981",
		"00:00:17.847427",
		"00:00:18.139370",
		"00:00:18.428926",
		"00:00:18.720059",
		"00:00:19.010445",
		"00:00:19.299580",
		"00:00:19.588768",
		"00:00:19.879346",
		"00:00:20.173307",
		"00:00:20.465194",
		"00:00:20.756445",
		"00:00:21.080839",
		"00:00:21.382597",
		"00:00:21.684866",
		"00:00:21.984953",
		"00:00:22.284068",
		"00:00:22.587367",
		"00:00:22.885968",
		"00:00:23.184625",
		"00:00:23.486155",
		"00:00:23.792521",
		"00:00:24.088022",
		"00:00:24.391592",
		"00:00:24.697441",
		"00:00:24.998783",
		"00:00:25.301202",
		"00:00:25.599898",
		"00:00:25.898513",
		"00:00:26.197199",
		"00:00:26.501070",
		"00:00:26.803103",
		"00:00:27.104198",
		"00:00:27.406700",
		"00:00:27.708614",
		"00:00:28.009394",
		"00:00:28.300591",
		"00:00:28.597745",
		"00:00:28.889521",
		"00:00:29.184751",
		"00:00:29.472566",
		"00:00:29.761278",
		"00:00:30.049005"
	],
	"totalTime" : "00:00:30.049031"
}
