{
	"distancePerGen" : 
	[
		4531.4467846924199,
		4445.2163887460974,
		4409.772726750055,
		4344.551001560787,
		4315.1936619020944,
		4084.8020358483582,
		4084.8020358483582,
		3952.9899924035531,
		3952.9899924035531,
		3936.5511369699179,
		3914.3528472223857,
		3831.8427212139263,
		3819.6987032088709,
		3773.2791608098137,
		3674.8175876140313,
		3663.0386592188006,
		3557.7732585980548,
		3536.2838871927638,
		3460.6984224335938,
		3429.2219946154014,
		3406.8044824726549,
		3406.8044824726549,
		3336.7460515406942,
		3336.7460515406942,
		3318.6098948704371,
		3298.1448337689121,
		3261.5343745914447,
		3168.6487335904649,
		3115.54399930606,
		3115.54399930606,
		3103.3747006980457,
		3103.3747006980457,
		3073.3993790983372,
		2944.7658972542163,
		2944.7658972542163,
		2944.7658972542163,
		2944.7658972542163,
		2933.8709179480734,
		2799.5038099632798,
		2799.5038099632798,
		2791.5189851929781,
		2791.5189851929781,
		2791.2546357440342,
		2742.5538417659791,
		2721.1090711767229,
		2712.5692319616792,
		2712.5692319616792,
		2712.5692319616792,
		2665.8195200232281,
		2660.9127916539651,
		2624.1637021366478,
		2616.5260220831728,
		2529.9827999059958,
		2529.9827999059958,
		2529.9827999059958,
		2525.7745827984249,
		2525.7745827984249,
		2458.5773077978915,
		2458.5773077978915,
		2437.3974668558358,
		2422.7511099618837,
		2388.3024339334183,
		2385.5271545722785,
		2305.1579855699497,
		2305.1579855699497,
		2288.6966122271283,
		2241.9763572571233,
		2241.9763572571233,
		2241.9763572571233,
		2241.9763572571233,
		2216.3054620638477,
		2178.7105140949179,
		2157.0537543667588,
		2112.8487356437222,
		2112.8487356437222,
		2098.7246643386275,
		2064.1436125498431,
		2064.1436125498431,
		2064.1436125498431,
		2050.3791380138023,
		2037.9290039165421,
		1996.3018494612299,
		1996.3018494612299,
		1861.8993996661495,
		1861.8993996661495,
		1861.8993996661495,
		1847.3339497016455,
		1847.3339497016455,
		1798.9107489038081,
		1798.9107489038081,
		1798.9107489038081,
		1797.9357880524776,
		1767.8780474197333,
		1767.8780474197333,
		1725.5595341581495,
		1725.5595341581495,
		1700.0146643721396,
		1700.0146643721396,
		1700.0146643721396,
		1683.5728057839997,
		1668.4290807874847,
		1667.378306605852,
		1598.4356452712234,
		1596.7022579616128,
		1596.7022579616128
	],
	"finalDist" : 1596.7022579616128,
	"genCount" : 105,
	"nodeCount" : 100,
	"timePerGen" : 
	[
		"00:00:00.275336",
		"00:00:00.548138",
		"00:00:00.820239",
		"00:00:01.094942",
		"00:00:01.374628",
		"00:00:01.653299",
		"00:00:01.933336",
		"00:00:02.217171",
		"00:00:02.498174",
		"00:00:02.779634",
		"00:00:03.064103",
		"00:00:03.350033",
		"00:00:03.636908",
		"00:00:03.922620",
		"00:00:04.209002",
		"00:00:04.492891",
		"00:00:04.778550",
		"00:00:05.062203",
		"00:00:05.347390",
		"00:00:05.631952",
		"00:00:05.920157",
		"00:00:06.210629",
		"00:00:06.498823",
		"00:00:06.788273",
		"00:00:07.076694",
		"00:00:07.362335",
		"00:00:07.649976",
		"00:00:07.937120",
		"00:00:08.223710",
		"00:00:08.509585",
		"00:00:08.797307",
		"00:00:09.082230",
		"00:00:09.369405",
		"00:00:09.655444",
		"00:00:09.943179",
		"00:00:10.229269",
		"00:00:10.514611",
		"00:00:10.801908",
		"00:00:11.091516",
		"00:00:11.380686",
		"00:00:11.670524",
		"00:00:11.960006",
		"00:00:12.251385",
		"00:00:12.542383",
		"00:00:12.834020",
		"00:00:13.124259",
		"00:00:13.417485",
		"00:00:13.708687",
		"00:00:13.998107",
		"00:00:14.289186",
		"00:00:14.577851",
		"00:00:14.861932",
		"00:00:15.148800",
		"00:00:15.435845",
		"00:00:15.722164",
		"00:00:16.009004",
		"00:00:16.297968",
		"00:00:16.585679",
		"00:00:16.873392",
		"00:00:17.160308",
		"00:00:17.447867",
		"00:00:17.736862",
		"00:00:18.023420",
		"00:00:18.311181",
		"00:00:18.595027",
		"00:00:18.874133",
		"00:00:19.155999",
		"00:00:19.435974",
		"00:00:19.709868",
		"00:00:19.988631",
		"00:00:20.269039",
		"00:00:20.554674",
		"00:00:20.839792",
		"00:00:21.124786",
		"00:00:21.412554",
		"00:00:21.701397",
		"00:00:21.988275",
		"00:00:22.275340",
		"00:00:22.565003",
		"00:00:22.852300",
		"00:00:23.139769",
		"00:00:23.426767",
		"00:00:23.712393",
		"00:00:24.002329",
		"00:00:24.291435",
		"00:00:24.580662",
		"00:00:24.868065",
		"00:00:25.158060",
		"00:00:25.449141",
		"00:00:25.738758",
		"00:00:26.028400",
		"00:00:26.318528",
		"00:00:26.607802",
		"00:00:26.895281",
		"00:00:27.180172",
		"00:00:27.464945",
		"00:00:27.747832",
		"00:00:28.034376",
		"00:00:28.320372",
		"00:00:28.604556",
		"00:00:28.889187",
		"00:00:29.174288",
		"00:00:29.458342",
		"00:00:29.741323",
		"00:00:30.022877"
	],
	"totalTime" : "00:00:30.022927"
}
