{
	"distancePerGen" : 
	[
		4389.3569502595046,
		4281.7602468940049,
		4271.681351930124,
		4121.2135225964603,
		3948.5946151024959,
		3948.5946151024959,
		3774.7398001212678,
		3774.7398001212678,
		3774.7398001212678,
		3668.8703988426973,
		3654.2254682806056,
		3649.4233031315812,
		3539.5565320534652,
		3437.1790762759078,
		3430.7978051150121,
		3339.395021866947,
		3339.395021866947,
		3266.7810777713185,
		3244.3233181298988,
		3171.952953339623,
		3171.952953339623,
		3065.7294798649959,
		3065.7294798649959,
		3015.2473729665267,
		3007.7584846703321
	],
	"finalDist" : 3007.7584846703321,
	"genCount" : 25,
	"nodeCount" : 100,
	"timePerGen" : 
	[
		"00:00:01.131264",
		"00:00:02.277949",
		"00:00:03.401081",
		"00:00:04.525521",
		"00:00:05.660922",
		"00:00:06.802774",
		"00:00:07.948535",
		"00:00:09.103254",
		"00:00:10.270149",
		"00:00:11.440741",
		"00:00:12.612182",
		"00:00:13.798356",
		"00:00:14.985052",
		"00:00:16.205976",
		"00:00:17.484100",
		"00:00:18.792415",
		"00:00:20.064092",
		"00:00:21.418602",
		"00:00:22.682086",
		"00:00:23.905509",
		"00:00:25.173765",
		"00:00:26.498541",
		"00:00:27.771239",
		"00:00:29.082938",
		"00:00:30.309754"
	],
	"totalTime" : "00:00:30.309772"
}
