{
	"distancePerGen" : 
	[
		4496.2138638733641,
		4475.3955107003794,
		4214.8403076990253,
		4214.8403076990253,
		4214.8403076990253,
		4053.6794940885529,
		4027.4284762028237,
		3963.464900109961,
		3910.1701963242899,
		3910.1701963242899,
		3863.5589199417218,
		3863.5589199417218,
		3810.5744338667155,
		3740.2006069408008,
		3740.2006069408008,
		3740.2006069408008,
		3740.2006069408008,
		3490.4036094152216,
		3490.4036094152216,
		3490.4036094152216,
		3490.4036094152216,
		3424.0150697259287,
		3324.8347276805312,
		3324.8347276805312,
		3310.9487814813824,
		3310.9487814813824,
		3261.617686289931,
		3261.617686289931,
		3255.9042910712678,
		3184.3524944713477,
		3184.3524944713477,
		3151.8001667475519,
		3151.8001667475519,
		3129.3765733356627,
		3081.9170029000452,
		3081.9170029000452,
		2944.6524998488189,
		2944.6524998488189,
		2923.6620904694423,
		2923.6620904694423,
		2838.8940593025718,
		2838.8940593025718,
		2838.8940593025718,
		2838.8940593025718,
		2838.8940593025718,
		2796.3558277793495,
		2796.3558277793495,
		2796.3558277793495,
		2796.3558277793495,
		2791.7662722591476,
		2735.8204881386669,
		2735.8204881386669,
		2735.8204881386669,
		2735.8204881386669,
		2723.1312584012462,
		2723.1312584012462,
		2723.1312584012462,
		2723.1312584012462,
		2686.6415219777577,
		2661.914654583733,
		2581.8027905601725,
		2581.8027905601725,
		2575.6554546596453,
		2575.6554546596453,
		2575.6554546596453,
		2514.9545074989819,
		2514.9545074989819,
		2514.9545074989819,
		2460.427432896448,
		2460.427432896448,
		2432.1804914488844,
		2432.1804914488844,
		2432.1804914488844,
		2423.4803518278691,
		2423.3574592792502,
		2364.9873132074463,
		2364.9873132074463,
		2349.5837982379394,
		2349.5837982379394,
		2349.5837982379394,
		2273.6280440949276,
		2273.6280440949276,
		2273.6280440949276,
		2273.6280440949276,
		2273.6280440949276,
		2273.6280440949276,
		2198.5991448087098,
		2198.5991448087098,
		2190.2541956989048,
		2171.5021999161909,
		2171.5021999161909,
		2141.7350621611486,
		2141.7350621611486,
		2103.7821726345614,
		2103.7821726345614,
		2094.3751011349145,
		2069.1637080847963,
		2060.2055929510052,
		2060.2055929510052,
		2031.7102255750067,
		2017.7962152740183,
		2004.4115994643505,
		1987.2335973038621,
		1987.2335973038621,
		1986.0252488802043,
		1986.0252488802043
	],
	"finalDist" : 1986.0252488802043,
	"genCount" : 106,
	"nodeCount" : 100,
	"timePerGen" : 
	[
		"00:00:00.277014",
		"00:00:00.552865",
		"00:00:00.829609",
		"00:00:01.108767",
		"00:00:01.385443",
		"00:00:01.667219",
		"00:00:01.946522",
		"00:00:02.226707",
		"00:00:02.508186",
		"00:00:02.793371",
		"00:00:03.076703",
		"00:00:03.359792",
		"00:00:03.641628",
		"00:00:03.923622",
		"00:00:04.206992",
		"00:00:04.490948",
		"00:00:04.773630",
		"00:00:05.055592",
		"00:00:05.340069",
		"00:00:05.623537",
		"00:00:05.908352",
		"00:00:06.193838",
		"00:00:06.478577",
		"00:00:06.764264",
		"00:00:07.049282",
		"00:00:07.336554",
		"00:00:07.622857",
		"00:00:07.910866",
		"00:00:08.199309",
		"00:00:08.487408",
		"00:00:08.774619",
		"00:00:09.059720",
		"00:00:09.344956",
		"00:00:09.630871",
		"00:00:09.917772",
		"00:00:10.203535",
		"00:00:10.489406",
		"00:00:10.775812",
		"00:00:11.061280",
		"00:00:11.348301",
		"00:00:11.636216",
		"00:00:11.924131",
		"00:00:12.211956",
		"00:00:12.500632",
		"00:00:12.788432",
		"00:00:13.076788",
		"00:00:13.367090",
		"00:00:13.655664",
		"00:00:13.942086",
		"00:00:14.229164",
		"00:00:14.516155",
		"00:00:14.799799",
		"00:00:15.083809",
		"00:00:15.369055",
		"00:00:15.656201",
		"00:00:15.929827",
		"00:00:16.207979",
		"00:00:16.482614",
		"00:00:16.762009",
		"00:00:17.043585",
		"00:00:17.326040",
		"00:00:17.607565",
		"00:00:17.890891",
		"00:00:18.172346",
		"00:00:18.452343",
		"00:00:18.737662",
		"00:00:19.018782",
		"00:00:19.304523",
		"00:00:19.589850",
		"00:00:19.875050",
		"00:00:20.159636",
		"00:00:20.444685",
		"00:00:20.735313",
		"00:00:21.022908",
		"00:00:21.313479",
		"00:00:21.598794",
		"00:00:21.883881",
		"00:00:22.170895",
		"00:00:22.449107",
		"00:00:22.748536",
		"00:00:23.033343",
		"00:00:23.321624",
		"00:00:23.607403",
		"00:00:23.893004",
		"00:00:24.177541",
		"00:00:24.460335",
		"00:00:24.738636",
		"00:00:25.022948",
		"00:00:25.307078",
		"00:00:25.587145",
		"00:00:25.874185",
		"00:00:26.162294",
		"00:00:26.446637",
		"00:00:26.733036",
		"00:00:27.022918",
		"00:00:27.310581",
		"00:00:27.593157",
		"00:00:27.880427",
		"00:00:28.165895",
		"00:00:28.444264",
		"00:00:28.722063",
		"00:00:28.998000",
		"00:00:29.274884",
		"00:00:29.557492",
		"00:00:29.840609",
		"00:00:30.119356"
	],
	"totalTime" : "00:00:30.119386"
}
