{
	"distancePerGen" : 
	[
		4537.7394533068691,
		4456.0888151318586,
		4187.0949612839768,
		4102.1238353623739,
		4039.3667745993275,
		4039.3667745993275,
		4039.3667745993275,
		3989.1229403979123,
		3916.8077193209483,
		3843.8928152221256,
		3739.4873296982037,
		3739.4873296982037,
		3674.2347171816991,
		3463.9531485637526,
		3463.9531485637526,
		3463.9531485637526,
		3442.8274834620865,
		3442.8274834620865,
		3385.6932169191177,
		3340.6835393989468,
		3340.6835393989468,
		3340.6835393989468,
		3309.562312557196,
		3274.4752395971805,
		3189.7519729535506,
		3136.1119191419525,
		3136.1119191419525,
		3122.6997203513129,
		3122.6997203513129,
		3077.7961917768157,
		2951.9568284993702,
		2951.9568284993702,
		2951.9568284993702,
		2933.0637062890678,
		2898.3102600195894,
		2898.3102600195894,
		2898.3102600195894,
		2813.8055250381781,
		2813.8055250381781,
		2813.8055250381781,
		2813.8055250381781,
		2745.9711683596815,
		2745.9711683596815,
		2745.9711683596815,
		2745.9711683596815,
		2677.7664073792344,
		2677.7664073792344,
		2658.213259335711,
		2658.213259335711,
		2618.4548490822517,
		2618.4548490822517,
		2618.4548490822517,
		2618.4548490822517,
		2603.5141742363253,
		2561.7718831543239,
		2510.1687944355372,
		2510.1687944355372,
		2476.5118748903842,
		2476.5118748903842,
		2476.5118748903842,
		2476.5118748903842,
		2455.1477380950128,
		2388.0503840183123,
		2349.9213565244909,
		2349.9213565244909,
		2302.7892187936459,
		2302.7892187936459,
		2292.0000998145638,
		2268.4659777170618,
		2259.5098527375853,
		2251.0888986942182,
		2246.8676429276293,
		2178.9648772910036,
		2178.9648772910036,
		2178.9648772910036,
		2172.1084294131542,
		2119.7861692889687,
		2119.7861692889687,
		2119.7861692889687,
		2119.7861692889687,
		2118.798794962097,
		2117.1730952563048,
		2096.7920287317415,
		2096.7920287317415,
		2071.5820795468203,
		2071.5820795468203,
		2071.5820795468203,
		2044.0516188557704,
		2044.0516188557704,
		2044.0516188557704,
		1994.133790097248,
		1994.133790097248,
		1994.133790097248,
		1994.133790097248,
		1991.7127141435044,
		1969.327441185214,
		1969.327441185214,
		1960.5788038121946,
		1956.0630799071009,
		1953.1672000912913,
		1953.1672000912913,
		1921.4686593591478,
		1921.4686593591478,
		1921.4686593591478,
		1921.4686593591478
	],
	"finalDist" : 1921.4686593591478,
	"genCount" : 105,
	"nodeCount" : 100,
	"timePerGen" : 
	[
		"00:00:00.277068",
		"00:00:00.555194",
		"00:00:00.834166",
		"00:00:01.115383",
		"00:00:01.395561",
		"00:00:01.677408",
		"00:00:01.959063",
		"00:00:02.242406",
		"00:00:02.525705",
		"00:00:02.811069",
		"00:00:03.093416",
		"00:00:03.376620",
		"00:00:03.659265",
		"00:00:03.941739",
		"00:00:04.225243",
		"00:00:04.509648",
		"00:00:04.796560",
		"00:00:05.085164",
		"00:00:05.374052",
		"00:00:05.661119",
		"00:00:05.949498",
		"00:00:06.235244",
		"00:00:06.521874",
		"00:00:06.805969",
		"00:00:07.091442",
		"00:00:07.374026",
		"00:00:07.655903",
		"00:00:07.938223",
		"00:00:08.216661",
		"00:00:08.496967",
		"00:00:08.778388",
		"00:00:09.061636",
		"00:00:09.344662",
		"00:00:09.628465",
		"00:00:09.912681",
		"00:00:10.198199",
		"00:00:10.485104",
		"00:00:10.771939",
		"00:00:11.056284",
		"00:00:11.343324",
		"00:00:11.629956",
		"00:00:11.917887",
		"00:00:12.203047",
		"00:00:12.487562",
		"00:00:12.771790",
		"00:00:13.055742",
		"00:00:13.341738",
		"00:00:13.626629",
		"00:00:13.912118",
		"00:00:14.213420",
		"00:00:14.510368",
		"00:00:14.813256",
		"00:00:15.112764",
		"00:00:15.419367",
		"00:00:15.718164",
		"00:00:16.016763",
		"00:00:16.317454",
		"00:00:16.613519",
		"00:00:16.907094",
		"00:00:17.203840",
		"00:00:17.497668",
		"00:00:17.793843",
		"00:00:18.095536",
		"00:00:18.395466",
		"00:00:18.687706",
		"00:00:18.985553",
		"00:00:19.274041",
		"00:00:19.562345",
		"00:00:19.851337",
		"00:00:20.140577",
		"00:00:20.431127",
		"00:00:20.719516",
		"00:00:21.006025",
		"00:00:21.291415",
		"00:00:21.575667",
		"00:00:21.858031",
		"00:00:22.141622",
		"00:00:22.422425",
		"00:00:22.706540",
		"00:00:22.989066",
		"00:00:23.271785",
		"00:00:23.555249",
		"00:00:23.838540",
		"00:00:24.124209",
		"00:00:24.412935",
		"00:00:24.703219",
		"00:00:24.993361",
		"00:00:25.278696",
		"00:00:25.562091",
		"00:00:25.844762",
		"00:00:26.127230",
		"00:00:26.411121",
		"00:00:26.693749",
		"00:00:26.978131",
		"00:00:27.259765",
		"00:00:27.540509",
		"00:00:27.823134",
		"00:00:28.104353",
		"00:00:28.384389",
		"00:00:28.678756",
		"00:00:28.957287",
		"00:00:29.236425",
		"00:00:29.511051",
		"00:00:29.786691",
		"00:00:30.061375"
	],
	"totalTime" : "00:00:30.061403"
}
