{
	"distancePerGen" : 
	[
		4566.1687812009795,
		4392.5287689393426,
		4346.255922778194,
		4254.2084774483519,
		4249.7920980995814,
		4182.661448175566,
		4163.3146949125885,
		4077.104387088883,
		3938.9669793645294,
		3801.1403198492621,
		3785.7926092954144,
		3785.7926092954144,
		3743.7744517570277,
		3703.208524946519,
		3662.6179079824478,
		3623.2216495893108,
		3618.7493313794221,
		3418.2551542542192,
		3418.2551542542192,
		3418.2551542542192,
		3418.2551542542192,
		3418.2551542542192,
		3418.2551542542192,
		3303.4408008962355,
		3303.4408008962355,
		3303.4408008962355,
		3241.9073126635276,
		3241.9073126635276,
		3206.6176974104496,
		3125.3159865083217,
		3027.2497670507378,
		3027.2497670507378,
		3027.2497670507378,
		3027.2497670507378,
		3027.2497670507378,
		2980.219964456332,
		2980.219964456332,
		2969.5187580312208,
		2946.8857367789005,
		2946.8857367789005,
		2817.9113260076533,
		2817.9113260076533,
		2814.4763216713104,
		2813.6538780143474,
		2813.6538780143474,
		2785.0489189100913,
		2733.4907726354222,
		2673.9796515191483,
		2673.9796515191483,
		2673.9796515191483,
		2673.9796515191483,
		2656.8940557158617,
		2634.77827671356,
		2627.2802212536217,
		2622.9497077055858,
		2568.2451350883157,
		2568.2451350883157,
		2495.280176171118,
		2495.280176171118,
		2495.280176171118,
		2495.280176171118,
		2495.280176171118,
		2484.6335248196747,
		2466.9631217617848,
		2466.9631217617848,
		2350.0010316135408,
		2350.0010316135408,
		2350.0010316135408,
		2350.0010316135408,
		2350.0010316135408,
		2350.0010316135408,
		2350.0010316135408,
		2332.4418803715571,
		2263.6145958994116,
		2263.6145958994116,
		2263.6145958994116,
		2263.6145958994116,
		2254.8057452705543,
		2249.9115039055919,
		2238.0033698413977,
		2177.1853826547303,
		2154.2854259225273,
		2154.2854259225273,
		2154.2854259225273,
		2154.2854259225273,
		2123.441163765795,
		2080.0865638800383,
		2080.0865638800383,
		2080.0865638800383,
		2036.8884761236304,
		2036.8884761236304,
		2036.8884761236304,
		2036.8884761236304,
		2022.3482267156596,
		1997.335765512036,
		1993.6722016276042,
		1979.9113268535987,
		1979.9113268535987,
		1957.1142907084475,
		1949.9079796503845,
		1949.6896873226178,
		1949.6896873226178,
		1932.8888761366702,
		1901.2993787230894,
		1901.2993787230894,
		1870.5384094415222
	],
	"finalDist" : 1870.5384094415222,
	"genCount" : 106,
	"nodeCount" : 100,
	"timePerGen" : 
	[
		"00:00:00.276724",
		"00:00:00.552974",
		"00:00:00.832724",
		"00:00:01.111101",
		"00:00:01.390979",
		"00:00:01.715320",
		"00:00:01.994424",
		"00:00:02.274716",
		"00:00:02.555418",
		"00:00:02.835346",
		"00:00:03.116201",
		"00:00:03.398585",
		"00:00:03.681701",
		"00:00:03.966270",
		"00:00:04.252161",
		"00:00:04.539429",
		"00:00:04.824701",
		"00:00:05.111304",
		"00:00:05.395566",
		"00:00:05.680475",
		"00:00:05.963526",
		"00:00:06.247686",
		"00:00:06.534169",
		"00:00:06.819824",
		"00:00:07.106716",
		"00:00:07.393593",
		"00:00:07.679993",
		"00:00:07.967915",
		"00:00:08.253382",
		"00:00:08.538065",
		"00:00:08.824774",
		"00:00:09.108877",
		"00:00:09.396865",
		"00:00:09.683153",
		"00:00:09.969847",
		"00:00:10.256428",
		"00:00:10.539397",
		"00:00:10.826407",
		"00:00:11.113553",
		"00:00:11.400158",
		"00:00:11.687792",
		"00:00:11.975051",
		"00:00:12.261806",
		"00:00:12.548126",
		"00:00:12.835150",
		"00:00:13.120580",
		"00:00:13.406923",
		"00:00:13.694493",
		"00:00:13.983904",
		"00:00:14.273700",
		"00:00:14.561057",
		"00:00:14.849334",
		"00:00:15.136318",
		"00:00:15.425123",
		"00:00:15.713823",
		"00:00:16.003806",
		"00:00:16.291654",
		"00:00:16.580402",
		"00:00:16.870644",
		"00:00:17.160603",
		"00:00:17.450745",
		"00:00:17.740640",
		"00:00:18.031713",
		"00:00:18.320493",
		"00:00:18.608868",
		"00:00:18.897838",
		"00:00:19.187422",
		"00:00:19.477251",
		"00:00:19.766146",
		"00:00:20.056152",
		"00:00:20.344688",
		"00:00:20.634472",
		"00:00:20.922996",
		"00:00:21.213700",
		"00:00:21.502910",
		"00:00:21.790283",
		"00:00:22.079155",
		"00:00:22.365711",
		"00:00:22.653478",
		"00:00:22.941122",
		"00:00:23.227294",
		"00:00:23.515683",
		"00:00:23.802678",
		"00:00:24.090699",
		"00:00:24.373086",
		"00:00:24.650238",
		"00:00:24.928919",
		"00:00:25.212427",
		"00:00:25.493804",
		"00:00:25.778982",
		"00:00:26.065105",
		"00:00:26.351872",
		"00:00:26.633082",
		"00:00:26.913497",
		"00:00:27.197599",
		"00:00:27.480360",
		"00:00:27.759384",
		"00:00:28.038592",
		"00:00:28.315212",
		"00:00:28.590098",
		"00:00:28.863781",
		"00:00:29.139229",
		"00:00:29.414467",
		"00:00:29.688610",
		"00:00:29.963179",
		"00:00:30.236045"
	],
	"totalTime" : "00:00:30.236069"
}
