{
	"distancePerGen" : 
	[
		4574.1406265543474,
		4498.8123367881026,
		4371.5031770888272,
		4219.8170277900945,
		4219.8170277900945,
		4114.7315332420121,
		3996.9389189094977,
		3996.9389189094977,
		3942.5716072073569,
		3925.7071521770231,
		3860.7729781960838,
		3766.4882909523226,
		3657.0981229200602,
		3657.0981229200602,
		3564.8730650351035,
		3564.8730650351035,
		3523.463373880239,
		3514.0740165477473,
		3487.4266743016997,
		3487.4266743016997,
		3479.7763948413558,
		3377.8146100712579,
		3316.7202438725444,
		3316.7202438725444,
		3311.683911761671,
		3307.5753401304878,
		3258.9981611988583,
		3206.5621716191545,
		3186.8501341749234,
		3179.7598158507772,
		3169.939131086785,
		3038.6894282993403,
		3038.6894282993403,
		3038.6894282993403,
		3025.1083442155546,
		2934.834834073305,
		2934.834834073305,
		2934.834834073305,
		2851.8548013573841,
		2851.8548013573841,
		2851.8548013573841,
		2851.8548013573841,
		2830.6574252872397,
		2821.3371983983407,
		2797.1859789503678,
		2747.6720150449428,
		2657.6908955992349,
		2651.8862945849146,
		2651.8862945849146,
		2610.1579771469396,
		2598.3571354332453,
		2598.3571354332453,
		2531.1277217498796,
		2531.1277217498796,
		2471.5173203418076,
		2471.5173203418076,
		2471.5173203418076,
		2471.5173203418076,
		2471.5173203418076,
		2419.5729989581423,
		2396.7693619506367,
		2396.7693619506367,
		2382.3493955309782,
		2334.8192264665736,
		2334.8192264665736,
		2334.8192264665736,
		2334.8192264665736,
		2327.3219888504882,
		2318.0809727645778,
		2239.4633280403227,
		2239.4633280403227,
		2231.0578048277303,
		2231.0578048277303,
		2209.243258738305,
		2187.5234758879601,
		2187.5234758879601,
		2187.5234758879601,
		2183.9516903538706,
		2127.2693015616846,
		2124.0968502436735,
		2124.0968502436735,
		2116.7941329904156,
		2088.5624336203578,
		2088.5624336203578,
		2088.5624336203578,
		2050.4947622269765,
		2050.4947622269765,
		2050.4947622269765,
		2050.4947622269765,
		2050.4947622269765,
		2028.6276950854826,
		2028.6276950854826,
		2028.6276950854826,
		2020.1504683408018,
		2020.1504683408018,
		2012.7714115961444,
		1948.8989280918277,
		1948.8989280918277,
		1925.6931988136571,
		1925.6931988136571,
		1925.618136638564,
		1920.731502426662,
		1920.731502426662,
		1917.9488849990523,
		1888.2708911721979
	],
	"finalDist" : 1888.2708911721979,
	"genCount" : 105,
	"nodeCount" : 100,
	"timePerGen" : 
	[
		"00:00:00.276301",
		"00:00:00.553341",
		"00:00:00.830026",
		"00:00:01.108383",
		"00:00:01.386661",
		"00:00:01.665505",
		"00:00:01.945854",
		"00:00:02.227968",
		"00:00:02.508173",
		"00:00:02.786984",
		"00:00:03.067739",
		"00:00:03.348005",
		"00:00:03.630720",
		"00:00:03.914371",
		"00:00:04.197225",
		"00:00:04.482422",
		"00:00:04.768383",
		"00:00:05.054152",
		"00:00:05.341327",
		"00:00:05.627662",
		"00:00:05.914392",
		"00:00:06.200816",
		"00:00:06.487217",
		"00:00:06.774672",
		"00:00:07.060797",
		"00:00:07.347672",
		"00:00:07.634807",
		"00:00:07.921916",
		"00:00:08.208752",
		"00:00:08.494879",
		"00:00:08.781970",
		"00:00:09.069116",
		"00:00:09.355950",
		"00:00:09.642850",
		"00:00:09.931642",
		"00:00:10.218698",
		"00:00:10.506818",
		"00:00:10.794949",
		"00:00:11.085314",
		"00:00:11.377285",
		"00:00:11.666771",
		"00:00:11.955984",
		"00:00:12.245168",
		"00:00:12.535008",
		"00:00:12.824103",
		"00:00:13.112548",
		"00:00:13.401115",
		"00:00:13.692916",
		"00:00:13.981558",
		"00:00:14.269003",
		"00:00:14.555752",
		"00:00:14.845031",
		"00:00:15.133972",
		"00:00:15.427091",
		"00:00:15.715766",
		"00:00:16.005909",
		"00:00:16.292914",
		"00:00:16.579896",
		"00:00:16.867812",
		"00:00:17.155871",
		"00:00:17.440440",
		"00:00:17.723992",
		"00:00:18.012028",
		"00:00:18.296969",
		"00:00:18.579314",
		"00:00:18.864296",
		"00:00:19.148886",
		"00:00:19.456975",
		"00:00:19.744031",
		"00:00:20.029702",
		"00:00:20.317172",
		"00:00:20.604202",
		"00:00:20.891407",
		"00:00:21.179982",
		"00:00:21.467235",
		"00:00:21.755741",
		"00:00:22.043981",
		"00:00:22.330310",
		"00:00:22.618187",
		"00:00:22.906658",
		"00:00:23.194114",
		"00:00:23.481103",
		"00:00:23.769400",
		"00:00:24.056779",
		"00:00:24.344450",
		"00:00:24.631766",
		"00:00:24.918927",
		"00:00:25.206566",
		"00:00:25.493609",
		"00:00:25.781095",
		"00:00:26.069412",
		"00:00:26.355777",
		"00:00:26.642817",
		"00:00:26.932584",
		"00:00:27.219603",
		"00:00:27.505821",
		"00:00:27.792580",
		"00:00:28.078882",
		"00:00:28.363461",
		"00:00:28.650937",
		"00:00:28.938504",
		"00:00:29.226968",
		"00:00:29.518625",
		"00:00:29.804610",
		"00:00:30.092044"
	],
	"totalTime" : "00:00:30.092066"
}
