{
	"distancePerGen" : 
	[
		4604.2925268287026,
		4503.2634733944751,
		4207.8715430334987,
		4207.8715430334987,
		4158.9542696378921,
		4158.9542696378921,
		4145.1588118657464,
		4033.3959188277045,
		3863.2660688579449,
		3863.2660688579449,
		3863.2660688579449,
		3863.2660688579449,
		3773.3008137758784,
		3731.8271525786131,
		3630.6669777111838,
		3630.6669777111838,
		3457.6255523511622,
		3457.6255523511622,
		3457.6255523511622,
		3340.8971219156592,
		3340.8971219156592,
		3338.2915322116733,
		3249.9659266130029,
		3249.9659266130029,
		3249.9659266130029,
		3231.7196095251948,
		3120.0351491075076,
		3120.0351491075076,
		3114.6564682153617,
		3094.9422408770761,
		3084.8534244358648,
		3080.9636687046614,
		3009.3491456996962,
		2938.8816249602846,
		2937.0068888163823,
		2914.3513381963539,
		2895.6839814844479,
		2861.8230173886895,
		2861.8230173886895,
		2861.8230173886895,
		2812.659222494337,
		2807.4930007482189,
		2802.4185179222095,
		2704.6035316039461,
		2702.6053000214565,
		2702.6053000214565,
		2702.6053000214565,
		2643.8433916114627,
		2643.8433916114627,
		2610.3656089667666,
		2599.7141304190645,
		2599.7141304190645,
		2560.1030503063307,
		2536.1133050415674,
		2534.0111252437837,
		2415.9283667565483,
		2415.9283667565483,
		2415.9283667565483,
		2378.8054856891667,
		2378.8054856891667,
		2361.0604365747254,
		2275.9257789003545,
		2275.9257789003545,
		2275.9257789003545,
		2250.375091865064,
		2250.375091865064,
		2166.5831359683011,
		2166.3252477117617,
		2166.3252477117617,
		2133.2893802197741,
		2133.2893802197741,
		2133.2893802197741,
		2133.2893802197741,
		2107.4226869395816,
		2087.8388911696456,
		2072.6634137124829,
		2072.6634137124829,
		2053.5454288476567,
		2018.9456227733633,
		2018.9456227733633,
		2015.0000169330808,
		1983.7734440459187,
		1969.8737733316464,
		1969.4905476237816,
		1960.3727401485673,
		1960.3727401485673,
		1956.6812383218171,
		1951.1053602578756,
		1938.4291458370137,
		1919.6999249146104,
		1907.8747719640403,
		1881.991786602164,
		1845.4710733340548,
		1845.4710733340548,
		1845.4710733340548,
		1837.4266413506766,
		1837.4266413506766,
		1837.4266413506766,
		1826.5819119362191,
		1812.697060933747,
		1795.1128960904271,
		1786.2747124169114,
		1760.2771072792693,
		1747.7938150858154,
		1747.7938150858154,
		1719.5876832328997,
		1689.0953168983785
	],
	"finalDist" : 1689.0953168983785,
	"genCount" : 107,
	"nodeCount" : 100,
	"timePerGen" : 
	[
		"00:00:00.276780",
		"00:00:00.553281",
		"00:00:00.829736",
		"00:00:01.108293",
		"00:00:01.384914",
		"00:00:01.663483",
		"00:00:01.943912",
		"00:00:02.231469",
		"00:00:02.510472",
		"00:00:02.792279",
		"00:00:03.073779",
		"00:00:03.354727",
		"00:00:03.638405",
		"00:00:03.922005",
		"00:00:04.203879",
		"00:00:04.485897",
		"00:00:04.768277",
		"00:00:05.053620",
		"00:00:05.338275",
		"00:00:05.619145",
		"00:00:05.902411",
		"00:00:06.189640",
		"00:00:06.476139",
		"00:00:06.763525",
		"00:00:07.052657",
		"00:00:07.338261",
		"00:00:07.624757",
		"00:00:07.910721",
		"00:00:08.196350",
		"00:00:08.479863",
		"00:00:08.764456",
		"00:00:09.047117",
		"00:00:09.329532",
		"00:00:09.612153",
		"00:00:09.895578",
		"00:00:10.177892",
		"00:00:10.460650",
		"00:00:10.743479",
		"00:00:11.028265",
		"00:00:11.312516",
		"00:00:11.596971",
		"00:00:11.881447",
		"00:00:12.169066",
		"00:00:12.454647",
		"00:00:12.739369",
		"00:00:13.023512",
		"00:00:13.307821",
		"00:00:13.585485",
		"00:00:13.868948",
		"00:00:14.153830",
		"00:00:14.439451",
		"00:00:14.723026",
		"00:00:15.007975",
		"00:00:15.287198",
		"00:00:15.567478",
		"00:00:15.849222",
		"00:00:16.134704",
		"00:00:16.422262",
		"00:00:16.709925",
		"00:00:16.997096",
		"00:00:17.283389",
		"00:00:17.567798",
		"00:00:17.853803",
		"00:00:18.140425",
		"00:00:18.427703",
		"00:00:18.716365",
		"00:00:19.003255",
		"00:00:19.290502",
		"00:00:19.578456",
		"00:00:19.866166",
		"00:00:20.153431",
		"00:00:20.438759",
		"00:00:20.725238",
		"00:00:21.011188",
		"00:00:21.296790",
		"00:00:21.578725",
		"00:00:21.860393",
		"00:00:22.143330",
		"00:00:22.423861",
		"00:00:22.705369",
		"00:00:22.987541",
		"00:00:23.267389",
		"00:00:23.549420",
		"00:00:23.830295",
		"00:00:24.113119",
		"00:00:24.394750",
		"00:00:24.676967",
		"00:00:24.960827",
		"00:00:25.243009",
		"00:00:25.525090",
		"00:00:25.806125",
		"00:00:26.086817",
		"00:00:26.366427",
		"00:00:26.647639",
		"00:00:26.927386",
		"00:00:27.208024",
		"00:00:27.486707",
		"00:00:27.765841",
		"00:00:28.043547",
		"00:00:28.321858",
		"00:00:28.597915",
		"00:00:28.875338",
		"00:00:29.151230",
		"00:00:29.427791",
		"00:00:29.704514",
		"00:00:29.981551",
		"00:00:30.257487"
	],
	"totalTime" : "00:00:30.257511"
}
