{
	"distancePerGen" : 
	[
		4589.006456762193,
		4407.6961918521019,
		4401.2439902308834,
		4394.3951398422732,
		4251.9131638342105,
		4251.9131638342105,
		4251.9131638342105,
		4095.1899299095503,
		4095.1899299095503,
		4088.4614103719036,
		3990.2890165074614,
		3864.5989374251676,
		3819.1899724481427,
		3732.4933098845827,
		3700.4231584866352,
		3678.1388422724649,
		3498.0268060157587,
		3437.1469755586309,
		3437.1469755586309,
		3437.1469755586309,
		3437.1469755586309,
		3394.9709162180416,
		3291.0899236127907,
		3245.9840800063557,
		3245.9840800063557,
		3245.9840800063557,
		3121.1967641782744,
		3121.1967641782744,
		3121.1967641782744,
		3121.1967641782744,
		3121.1967641782744,
		3102.1183574084985,
		3101.7960408641216,
		3054.8084558587429,
		3054.8084558587429,
		3036.4809186595808,
		3024.6313087415469,
		3024.6313087415469,
		2982.2206002277685,
		2941.683291440535,
		2888.2255356045539,
		2882.1662706454235,
		2882.1662706454235,
		2882.1662706454235,
		2825.4790639864614,
		2778.7339887595595,
		2778.7339887595595,
		2716.1770699497565,
		2715.8815411828582,
		2705.687879277818,
		2657.4428898531451,
		2657.4428898531451,
		2626.0307474191268,
		2626.0307474191268,
		2586.9953848743717,
		2537.2288742002743,
		2512.3685318134908,
		2506.3924469389822,
		2501.4646104568951,
		2490.0082115821824,
		2455.1752618002465,
		2455.1752618002465,
		2426.8697091047907,
		2394.4593605276737,
		2313.9254135683505,
		2268.4492701863719,
		2268.4492701863719,
		2268.4492701863719,
		2205.3222373994663,
		2188.8970076795258,
		2188.8970076795258,
		2188.8970076795258,
		2156.4106627807587,
		2150.5953335870026,
		2127.2799173555763,
		2080.8094549932971,
		2073.4893099676055,
		2068.8234664203342,
		2027.7340777258344,
		2025.8805317260735,
		2025.8805317260735,
		1996.2953195769412,
		1994.2938909341726,
		1960.1766922937293,
		1960.1766922937293,
		1910.7659725618478,
		1910.7659725618478,
		1910.7659725618478,
		1910.7659725618478,
		1910.7659725618478,
		1875.8118261585407,
		1840.6896447115753,
		1831.5562267901425,
		1809.2753653909201,
		1809.2753653909201,
		1809.2753653909201,
		1785.035303462668,
		1754.8067712521929,
		1753.7979986216615,
		1753.7979986216615,
		1737.9647783265555,
		1721.958194347161,
		1721.958194347161,
		1691.1768468384528,
		1680.5527313528153
	],
	"finalDist" : 1680.5527313528153,
	"genCount" : 105,
	"nodeCount" : 100,
	"timePerGen" : 
	[
		"00:00:00.276231",
		"00:00:00.554324",
		"00:00:00.832227",
		"00:00:01.111052",
		"00:00:01.389793",
		"00:00:01.669360",
		"00:00:01.979926",
		"00:00:02.260353",
		"00:00:02.542384",
		"00:00:02.824801",
		"00:00:03.106661",
		"00:00:03.388527",
		"00:00:03.670365",
		"00:00:03.952717",
		"00:00:04.236770",
		"00:00:04.515870",
		"00:00:04.795936",
		"00:00:05.075955",
		"00:00:05.356653",
		"00:00:05.639721",
		"00:00:05.924554",
		"00:00:06.216298",
		"00:00:06.497660",
		"00:00:06.780591",
		"00:00:07.063149",
		"00:00:07.348194",
		"00:00:07.634154",
		"00:00:07.920227",
		"00:00:08.205548",
		"00:00:08.492242",
		"00:00:08.779597",
		"00:00:09.068882",
		"00:00:09.357160",
		"00:00:09.649352",
		"00:00:09.940397",
		"00:00:10.227439",
		"00:00:10.513802",
		"00:00:10.799730",
		"00:00:11.082315",
		"00:00:11.366925",
		"00:00:11.650974",
		"00:00:11.934020",
		"00:00:12.216831",
		"00:00:12.502439",
		"00:00:12.786933",
		"00:00:13.070797",
		"00:00:13.357233",
		"00:00:13.641393",
		"00:00:13.927145",
		"00:00:14.210680",
		"00:00:14.495418",
		"00:00:14.782872",
		"00:00:15.067711",
		"00:00:15.352336",
		"00:00:15.638083",
		"00:00:15.923575",
		"00:00:16.208734",
		"00:00:16.495836",
		"00:00:16.783013",
		"00:00:17.068753",
		"00:00:17.354676",
		"00:00:17.642146",
		"00:00:17.929992",
		"00:00:18.214347",
		"00:00:18.517685",
		"00:00:18.806726",
		"00:00:19.090354",
		"00:00:19.375170",
		"00:00:19.660276",
		"00:00:19.944726",
		"00:00:20.231408",
		"00:00:20.518021",
		"00:00:20.806374",
		"00:00:21.092734",
		"00:00:21.379630",
		"00:00:21.668024",
		"00:00:21.958815",
		"00:00:22.246530",
		"00:00:22.536311",
		"00:00:22.827268",
		"00:00:23.115141",
		"00:00:23.404217",
		"00:00:23.695373",
		"00:00:24.013742",
		"00:00:24.301526",
		"00:00:24.594085",
		"00:00:24.881855",
		"00:00:25.169701",
		"00:00:25.456125",
		"00:00:25.744335",
		"00:00:26.032008",
		"00:00:26.321233",
		"00:00:26.607898",
		"00:00:26.897914",
		"00:00:27.187976",
		"00:00:27.474643",
		"00:00:27.766459",
		"00:00:28.053853",
		"00:00:28.340992",
		"00:00:28.628071",
		"00:00:28.915914",
		"00:00:29.202941",
		"00:00:29.497320",
		"00:00:29.790879",
		"00:00:30.077678"
	],
	"totalTime" : "00:00:30.077703"
}
