{
	"distancePerGen" : 
	[
		4309.8617843867105,
		4309.8617843867105,
		4282.6817980471415,
		4233.2270282936934,
		4122.9730243730564,
		4010.6587161316666,
		3899.0350399431745,
		3862.5296033656723,
		3800.2711123050371,
		3728.8418611215307,
		3688.39809116161,
		3688.39809116161,
		3688.39809116161,
		3598.3207891025982,
		3552.4003602005332,
		3470.0304857559963,
		3385.9057173300857,
		3359.8572517229841,
		3359.8572517229841,
		3239.8236872677981,
		3239.8236872677981,
		3106.927798016362,
		3106.927798016362,
		3098.8805139490214,
		3084.7604827447849,
		3084.7604827447849,
		3010.5594477255468,
		3010.5594477255468,
		2999.0342058242854,
		2998.7013655296687,
		2995.4902275673935,
		2890.9592980234142,
		2890.9592980234142,
		2890.9592980234142,
		2780.7022441681042,
		2780.7022441681042,
		2780.7022441681042,
		2780.7022441681042,
		2735.9067260760339,
		2735.9067260760339,
		2735.9067260760339,
		2518.4554732208521,
		2515.6867871059235,
		2515.6867871059235,
		2515.6867871059235,
		2515.6867871059235,
		2515.6867871059235,
		2441.5688568346045,
		2414.7790392646116,
		2414.7790392646116,
		2411.2833255739565,
		2389.1757254880349,
		2344.6400184143899,
		2335.7520909623636,
		2329.4832667331889
	],
	"finalDist" : 2329.4832667331889,
	"genCount" : 55,
	"nodeCount" : 100,
	"timePerGen" : 
	[
		"00:00:00.495230",
		"00:00:01.047159",
		"00:00:01.566235",
		"00:00:02.096607",
		"00:00:02.619793",
		"00:00:03.141615",
		"00:00:03.696366",
		"00:00:04.219281",
		"00:00:04.749868",
		"00:00:05.273007",
		"00:00:05.836607",
		"00:00:06.375693",
		"00:00:06.908904",
		"00:00:07.441954",
		"00:00:07.974814",
		"00:00:08.514407",
		"00:00:09.054136",
		"00:00:09.621697",
		"00:00:10.151536",
		"00:00:10.697617",
		"00:00:11.245379",
		"00:00:11.788013",
		"00:00:12.356485",
		"00:00:12.905422",
		"00:00:13.506783",
		"00:00:14.014220",
		"00:00:14.547050",
		"00:00:15.117444",
		"00:00:15.668316",
		"00:00:16.235063",
		"00:00:16.788110",
		"00:00:17.362336",
		"00:00:17.909576",
		"00:00:18.478406",
		"00:00:19.040741",
		"00:00:19.602124",
		"00:00:20.157214",
		"00:00:20.702343",
		"00:00:21.294957",
		"00:00:21.846678",
		"00:00:22.385708",
		"00:00:22.919838",
		"00:00:23.488162",
		"00:00:24.026707",
		"00:00:24.578752",
		"00:00:25.115290",
		"00:00:25.666950",
		"00:00:26.243970",
		"00:00:26.825168",
		"00:00:27.470749",
		"00:00:28.029046",
		"00:00:28.628141",
		"00:00:29.204128",
		"00:00:29.746430",
		"00:00:30.302595"
	],
	"totalTime" : "00:00:30.334344"
}
