{
	"distancePerGen" : 
	[
		4344.2900872303298,
		4270.7135886079341,
		4233.5682118253126,
		4233.5682118253126,
		4132.2038297247818,
		4064.2413035864256,
		4051.3108295785769,
		3894.9543398432329,
		3832.2592895808102,
		3757.9527057352889,
		3719.4003695970382,
		3562.6707969439117,
		3562.6707969439117,
		3562.6707969439117,
		3533.8021321349866,
		3492.0864886219269,
		3405.1241466430365,
		3306.9198121122713,
		3306.9198121122713,
		3306.9198121122713,
		3277.1457541955619,
		3228.0694175595495,
		3218.8069658137974,
		3167.0946944832517,
		3167.0946944832517,
		3113.739687817656,
		3070.6582307411713,
		2988.0228613878057,
		2988.0228613878057,
		2933.1046346743315,
		2768.3944878541324,
		2768.3944878541324,
		2768.3944878541324,
		2726.3040937467222,
		2726.3040937467222,
		2700.7843013451288,
		2700.7843013451288,
		2700.7843013451288,
		2662.0286302774248,
		2619.0049862123333,
		2603.007199053337,
		2565.2560088399955,
		2535.5024364383344,
		2472.1296036004446,
		2472.1296036004446,
		2453.5707867790179,
		2402.5789363687463,
		2379.0616149467119,
		2346.1185070291467,
		2346.1185070291467
	],
	"finalDist" : 2346.1185070291467,
	"genCount" : 50,
	"nodeCount" : 100,
	"timePerGen" : 
	[
		"00:00:00.816751",
		"00:00:01.439318",
		"00:00:02.074273",
		"00:00:02.717633",
		"00:00:03.374294",
		"00:00:04.011875",
		"00:00:04.565877",
		"00:00:05.156725",
		"00:00:05.719019",
		"00:00:06.277028",
		"00:00:06.851409",
		"00:00:07.419861",
		"00:00:07.994503",
		"00:00:08.673711",
		"00:00:09.281781",
		"00:00:09.888070",
		"00:00:10.489354",
		"00:00:11.105319",
		"00:00:11.700204",
		"00:00:12.279168",
		"00:00:12.863305",
		"00:00:13.453634",
		"00:00:14.028738",
		"00:00:14.631268",
		"00:00:15.207486",
		"00:00:15.778331",
		"00:00:16.430198",
		"00:00:17.130636",
		"00:00:17.818159",
		"00:00:18.454864",
		"00:00:19.113679",
		"00:00:19.859515",
		"00:00:20.428321",
		"00:00:21.008319",
		"00:00:21.580982",
		"00:00:22.163302",
		"00:00:22.755249",
		"00:00:23.344846",
		"00:00:23.925916",
		"00:00:24.529946",
		"00:00:25.147518",
		"00:00:25.683634",
		"00:00:26.230680",
		"00:00:26.799426",
		"00:00:27.359046",
		"00:00:27.919512",
		"00:00:28.500765",
		"00:00:29.093737",
		"00:00:29.696110",
		"00:00:30.271376"
	],
	"totalTime" : "00:00:30.299314"
}
