{
	"distancePerGen" : 
	[
		4465.8857301522612,
		4375.5335800542107,
		4305.3125599863633,
		4093.6418179035359,
		3965.8227708322233,
		3805.1489349573571,
		3805.1489349573571,
		3805.1489349573571,
		3673.9120891318735,
		3673.9120891318735,
		3648.6480612607165,
		3534.0342808021592,
		3534.0342808021592,
		3390.5850409481041,
		3390.5850409481041,
		3322.9759859952555,
		3322.9759859952555,
		3298.0711390846632,
		3230.8312002740454,
		3230.8312002740454,
		3093.329425524807,
		2981.1683278646096,
		2981.1683278646096,
		2981.1683278646096,
		2953.4730378340705,
		2929.4853936053064,
		2918.938870946145,
		2918.938870946145,
		2863.1164145433941,
		2840.0716006030643,
		2788.4529805745046,
		2712.8316776118222,
		2695.6953967908789,
		2665.4396550842575,
		2652.5285563736243,
		2529.1204200452721,
		2529.1204200452721,
		2529.1204200452721,
		2490.7058842055976,
		2490.7058842055976,
		2482.6582433399326,
		2458.6129713047849,
		2425.3920865212308,
		2409.0449267091749,
		2350.3566124199915,
		2350.3566124199915,
		2350.3566124199915
	],
	"finalDist" : 2350.3566124199915,
	"genCount" : 47,
	"nodeCount" : 100,
	"timePerGen" : 
	[
		"00:00:00.646608",
		"00:00:01.283099",
		"00:00:01.934586",
		"00:00:02.470500",
		"00:00:03.052203",
		"00:00:03.633137",
		"00:00:04.183211",
		"00:00:04.769829",
		"00:00:05.323037",
		"00:00:05.863624",
		"00:00:06.524745",
		"00:00:07.113590",
		"00:00:07.792560",
		"00:00:08.442024",
		"00:00:08.939415",
		"00:00:09.494984",
		"00:00:10.157108",
		"00:00:10.910265",
		"00:00:11.461150",
		"00:00:12.037891",
		"00:00:12.618834",
		"00:00:13.250182",
		"00:00:13.885208",
		"00:00:14.455989",
		"00:00:15.027733",
		"00:00:15.575127",
		"00:00:16.181900",
		"00:00:16.739907",
		"00:00:17.449863",
		"00:00:17.998652",
		"00:00:18.591754",
		"00:00:19.223393",
		"00:00:19.763286",
		"00:00:20.415428",
		"00:00:21.004390",
		"00:00:21.975878",
		"00:00:23.179777",
		"00:00:23.968150",
		"00:00:24.931098",
		"00:00:25.693141",
		"00:00:26.317683",
		"00:00:26.950854",
		"00:00:27.610874",
		"00:00:28.231373",
		"00:00:28.873044",
		"00:00:29.494252",
		"00:00:30.087466"
	],
	"totalTime" : "00:00:30.118524"
}
