{
	"distancePerGen" : 
	[
		4454.0513720693461,
		4304.7426695887216,
		4258.3177774877722,
		4165.8078583363395,
		4124.0807104403611,
		4105.5576594407976,
		3983.0815247403798,
		3979.1414197882455,
		3958.789930029528,
		3787.717017741958,
		3648.1614690883239,
		3638.3997938391913,
		3593.4600910327563,
		3593.4600910327563,
		3471.7026502476033,
		3412.5805109908019,
		3384.632701481019,
		3384.632701481019,
		3384.632701481019,
		3366.3263796550618,
		3322.7166690770096,
		3261.686811732246,
		3232.9465360772142,
		3165.954730872294,
		3129.3027401565823,
		3129.3027401565823,
		3083.3585435705168,
		2999.7428572260615,
		2999.7428572260615,
		2951.3536861737434,
		2951.3536861737434,
		2930.7507649265722,
		2913.684256207257,
		2893.8644406560238,
		2827.0242825656778,
		2822.4794840297695,
		2822.4794840297695,
		2781.191899920479,
		2744.0898865181521,
		2683.0551622259891,
		2683.0551622259891,
		2683.0551622259891,
		2677.5430726175805,
		2596.9057011271329,
		2596.9057011271329,
		2596.9057011271329
	],
	"finalDist" : 2596.9057011271329,
	"genCount" : 46,
	"nodeCount" : 100,
	"timePerGen" : 
	[
		"00:00:00.613249",
		"00:00:01.323866",
		"00:00:01.847059",
		"00:00:02.406136",
		"00:00:03.018054",
		"00:00:03.598496",
		"00:00:04.279059",
		"00:00:05.006237",
		"00:00:05.639916",
		"00:00:06.353095",
		"00:00:06.967619",
		"00:00:07.549199",
		"00:00:08.188644",
		"00:00:08.763792",
		"00:00:09.402838",
		"00:00:10.125994",
		"00:00:10.742332",
		"00:00:11.328634",
		"00:00:11.991343",
		"00:00:12.526161",
		"00:00:13.126247",
		"00:00:13.663775",
		"00:00:14.230202",
		"00:00:14.737085",
		"00:00:15.344462",
		"00:00:15.877215",
		"00:00:16.420883",
		"00:00:16.973308",
		"00:00:17.542862",
		"00:00:18.185719",
		"00:00:18.938048",
		"00:00:19.880459",
		"00:00:20.965461",
		"00:00:22.094288",
		"00:00:22.988149",
		"00:00:23.590895",
		"00:00:24.423940",
		"00:00:25.097047",
		"00:00:25.752855",
		"00:00:26.388173",
		"00:00:27.007693",
		"00:00:27.594892",
		"00:00:28.160001",
		"00:00:28.785298",
		"00:00:29.369747",
		"00:00:30.000308"
	],
	"totalTime" : "00:00:30.105568"
}
