{
	"distancePerGen" : 
	[
		4451.5646097701592,
		4280.2651674407507,
		4182.7620219535065,
		4182.7620219535065,
		4144.2004799624392,
		4109.5100255543512,
		3896.6133049393002,
		3896.6133049393002,
		3827.4386500368573,
		3712.0303527182,
		3712.0303527182,
		3695.9467025413128,
		3661.6172312978215,
		3657.4105471737712,
		3599.6771025746511,
		3551.7143975569061,
		3447.1512357708116,
		3393.9626559382414,
		3393.9626559382414,
		3368.5908481677952,
		3309.2196034088383,
		3287.0664811541101,
		3242.5760038608983,
		3182.8255113038385,
		3137.4468075460377,
		3059.3870624307974,
		3059.3870624307974,
		3000.24424198218,
		2986.7661931559614,
		2986.7661931559614,
		2903.3550531857104,
		2903.3550531857104,
		2903.3550531857104,
		2903.3550531857104,
		2903.3550531857104,
		2833.3144277538222,
		2817.6506029781258,
		2817.6506029781258,
		2811.5960435907,
		2736.8709357223647,
		2736.8709357223647,
		2707.5947379767535,
		2707.5947379767535,
		2684.0314556671815,
		2684.0314556671815,
		2641.5459277536661,
		2564.7257019712542,
		2534.6649504693032
	],
	"finalDist" : 2534.6649504693032,
	"genCount" : 48,
	"nodeCount" : 100,
	"timePerGen" : 
	[
		"00:00:00.916941",
		"00:00:01.612700",
		"00:00:02.244943",
		"00:00:02.893791",
		"00:00:03.533838",
		"00:00:04.161086",
		"00:00:04.764045",
		"00:00:05.363049",
		"00:00:05.919830",
		"00:00:06.496945",
		"00:00:07.033308",
		"00:00:07.573172",
		"00:00:08.175777",
		"00:00:08.711503",
		"00:00:09.285279",
		"00:00:09.815608",
		"00:00:10.320814",
		"00:00:10.861090",
		"00:00:11.429953",
		"00:00:11.971197",
		"00:00:12.539406",
		"00:00:13.065919",
		"00:00:13.635447",
		"00:00:14.227727",
		"00:00:14.780028",
		"00:00:15.345999",
		"00:00:15.879767",
		"00:00:16.438512",
		"00:00:16.997857",
		"00:00:17.941710",
		"00:00:19.096392",
		"00:00:20.311093",
		"00:00:21.177185",
		"00:00:21.844896",
		"00:00:22.473797",
		"00:00:23.079039",
		"00:00:23.730179",
		"00:00:24.356610",
		"00:00:25.079898",
		"00:00:25.676482",
		"00:00:26.240430",
		"00:00:26.797401",
		"00:00:27.363948",
		"00:00:27.937972",
		"00:00:28.511630",
		"00:00:29.125618",
		"00:00:29.678576",
		"00:00:30.243851"
	],
	"totalTime" : "00:00:30.249630"
}
