{
	"distancePerGen" : 
	[
		4401.124661048073,
		4295.5873452963988,
		4186.1481738864695,
		4111.8807510508968,
		4111.8807510508968,
		4067.6122317684285,
		4039.4417611415124,
		3953.5289831867535,
		3846.2620159087983,
		3646.8740699525679,
		3646.8740699525679,
		3646.8740699525679,
		3646.8740699525679,
		3483.6487165367739,
		3483.6487165367739,
		3460.4185424267766,
		3376.703499720641,
		3376.703499720641,
		3376.703499720641,
		3328.1354097879835,
		3322.901603118969,
		3272.1390611737606,
		3266.3804335549639,
		3178.8274243042715,
		3178.8274243042715,
		3137.5156874215331,
		3126.907344078028,
		3067.2695312945457,
		3067.2695312945457,
		2989.209082012524,
		2788.2666923267366,
		2788.2666923267366,
		2788.2666923267366,
		2788.2666923267366,
		2778.5632160866458,
		2746.7013019361161,
		2718.2796541320135,
		2683.4778347786,
		2609.1061597762459,
		2609.1061597762459,
		2609.1061597762459,
		2609.1061597762459,
		2609.1061597762459,
		2587.2274552291969,
		2550.0457494148554,
		2550.0457494148554,
		2523.1767766777643,
		2513.0451863445642,
		2447.4943135701183,
		2447.4943135701183,
		2423.7939579534691,
		2423.7939579534691,
		2422.5397058503386,
		2348.5741675772056
	],
	"finalDist" : 2348.5741675772056,
	"genCount" : 54,
	"nodeCount" : 100,
	"timePerGen" : 
	[
		"00:00:00.506280",
		"00:00:01.030859",
		"00:00:01.522384",
		"00:00:02.065455",
		"00:00:02.591596",
		"00:00:03.141397",
		"00:00:03.781589",
		"00:00:04.390108",
		"00:00:04.919180",
		"00:00:05.488220",
		"00:00:06.103488",
		"00:00:06.634945",
		"00:00:07.175898",
		"00:00:07.750550",
		"00:00:08.308833",
		"00:00:08.849260",
		"00:00:09.396540",
		"00:00:10.004955",
		"00:00:10.569092",
		"00:00:11.121151",
		"00:00:11.673335",
		"00:00:12.266262",
		"00:00:12.824123",
		"00:00:13.375783",
		"00:00:13.935461",
		"00:00:14.523486",
		"00:00:15.055666",
		"00:00:15.628898",
		"00:00:16.156711",
		"00:00:16.745457",
		"00:00:17.362195",
		"00:00:17.954485",
		"00:00:18.533528",
		"00:00:19.168327",
		"00:00:19.712509",
		"00:00:20.330408",
		"00:00:20.890638",
		"00:00:21.470930",
		"00:00:22.040432",
		"00:00:22.628538",
		"00:00:23.179956",
		"00:00:23.729646",
		"00:00:24.289072",
		"00:00:24.876417",
		"00:00:25.416063",
		"00:00:25.969913",
		"00:00:26.512755",
		"00:00:27.075689",
		"00:00:27.631639",
		"00:00:28.241194",
		"00:00:28.819701",
		"00:00:29.387321",
		"00:00:29.970580",
		"00:00:30.561540"
	],
	"totalTime" : "00:00:30.598298"
}
