{
	"distancePerGen" : 
	[
		4378.5102140469435,
		4305.0143227423159,
		4103.304220585961,
		4103.304220585961,
		4080.4185478815957,
		4029.0339980448139,
		3944.5717467369386,
		3901.7039077650866,
		3844.1444025051396,
		3613.5604995695585,
		3613.5604995695585,
		3591.9614105096502,
		3464.2690900465132,
		3464.2690900465132,
		3417.2032233364193,
		3417.2032233364193,
		3337.7228992249784,
		3337.7228992249784,
		3294.791906479742,
		3202.9194022221527,
		3199.4998020595008,
		3134.4076432438378,
		3045.4216017116014,
		3023.7164684595809,
		3023.0857585259755,
		2928.9695976371922,
		2903.0193060446736,
		2768.293196006432,
		2768.293196006432,
		2768.293196006432,
		2768.293196006432,
		2768.293196006432,
		2768.293196006432,
		2768.293196006432,
		2698.5154150283847,
		2644.6551531160994,
		2626.7010222873141,
		2583.306848836568,
		2563.0256809689381,
		2540.1004725957487,
		2532.3229498053738,
		2470.6252584577228,
		2437.6510165779791,
		2409.8639284331043
	],
	"finalDist" : 2409.8639284331043,
	"genCount" : 44,
	"nodeCount" : 100,
	"timePerGen" : 
	[
		"00:00:00.606130",
		"00:00:01.177482",
		"00:00:02.064098",
		"00:00:03.072324",
		"00:00:04.249368",
		"00:00:05.219554",
		"00:00:05.947156",
		"00:00:06.617662",
		"00:00:07.260165",
		"00:00:07.871019",
		"00:00:08.507697",
		"00:00:09.154132",
		"00:00:09.767432",
		"00:00:10.364787",
		"00:00:10.904066",
		"00:00:11.459566",
		"00:00:12.009897",
		"00:00:12.552848",
		"00:00:13.077282",
		"00:00:13.609348",
		"00:00:14.118113",
		"00:00:14.631810",
		"00:00:15.181134",
		"00:00:15.737918",
		"00:00:16.300291",
		"00:00:16.847575",
		"00:00:17.396378",
		"00:00:17.979870",
		"00:00:18.546631",
		"00:00:19.091869",
		"00:00:19.733258",
		"00:00:20.328614",
		"00:00:20.922731",
		"00:00:21.618650",
		"00:00:23.122794",
		"00:00:24.220494",
		"00:00:25.478477",
		"00:00:26.285058",
		"00:00:26.949747",
		"00:00:27.589644",
		"00:00:28.305113",
		"00:00:29.028737",
		"00:00:29.706722",
		"00:00:30.336020"
	],
	"totalTime" : "00:00:30.413535"
}
