{
	"distancePerGen" : 
	[
		4119.9053755278492,
		4119.9053755278492,
		4114.0527150507323,
		4077.3685595446937,
		4000.1671126752854,
		4000.1671126752854,
		3891.8466326812031,
		3889.3728750550281,
		3793.7595719753213,
		3645.1257830142627,
		3645.1257830142627,
		3645.1257830142627,
		3571.5606689091815,
		3340.4843917446829,
		3340.4843917446829,
		3340.4843917446829,
		3332.7826372997902,
		3297.535991576834,
		3257.4218717411609,
		3247.4916523150609,
		3247.4916523150609,
		3197.2710715273365,
		3179.4812293244827,
		3128.3410410174984,
		3096.5950531423528,
		3018.3444509740343,
		3002.9925802127932,
		2975.2793827945866,
		2975.2793827945866,
		2897.3202274420969,
		2897.3202274420969,
		2897.3202274420969,
		2861.8590810326618,
		2861.8590810326618,
		2791.3714439692503,
		2781.5849381444177,
		2771.9397301720028,
		2736.2039483837998,
		2736.2039483837998,
		2736.2039483837998,
		2629.0509847538542,
		2487.1175972769302,
		2487.1175972769302,
		2487.1175972769302,
		2487.1175972769302,
		2487.1175972769302,
		2487.1175972769302,
		2487.1175972769302,
		2349.4682074689827,
		2349.4682074689827
	],
	"finalDist" : 2349.4682074689827,
	"genCount" : 50,
	"nodeCount" : 100,
	"timePerGen" : 
	[
		"00:00:00.513430",
		"00:00:01.067935",
		"00:00:01.606269",
		"00:00:02.186851",
		"00:00:02.745544",
		"00:00:03.391842",
		"00:00:04.048539",
		"00:00:04.677595",
		"00:00:05.295659",
		"00:00:05.975461",
		"00:00:06.577885",
		"00:00:07.154552",
		"00:00:07.727393",
		"00:00:08.280837",
		"00:00:08.825732",
		"00:00:09.352386",
		"00:00:09.905810",
		"00:00:10.490358",
		"00:00:11.071776",
		"00:00:11.623323",
		"00:00:12.167375",
		"00:00:12.713181",
		"00:00:13.278539",
		"00:00:13.823218",
		"00:00:14.335347",
		"00:00:14.866266",
		"00:00:15.418296",
		"00:00:16.007365",
		"00:00:16.560415",
		"00:00:17.154657",
		"00:00:17.723473",
		"00:00:18.311561",
		"00:00:18.897936",
		"00:00:19.452158",
		"00:00:19.998755",
		"00:00:20.560298",
		"00:00:21.112615",
		"00:00:21.679498",
		"00:00:22.244331",
		"00:00:22.775149",
		"00:00:23.346528",
		"00:00:23.911569",
		"00:00:24.489390",
		"00:00:25.077552",
		"00:00:25.644824",
		"00:00:26.272620",
		"00:00:26.894195",
		"00:00:28.002431",
		"00:00:29.132114",
		"00:00:30.419559"
	],
	"totalTime" : "00:00:30.421627"
}
