{
	"distancePerGen" : 
	[
		4305.5231223086457,
		4271.1062795379485,
		4245.396459852599,
		3951.6683581923398,
		3951.6683581923398,
		3951.6683581923398,
		3859.8316967798351,
		3756.4878792684322,
		3756.4878792684322,
		3612.07642762351,
		3609.357904609371,
		3567.0698247391579,
		3524.0039047247346,
		3524.0039047247346,
		3441.2351795384257,
		3314.7417586433321,
		3314.7417586433321,
		3258.1371803073789,
		3239.4603333759283,
		3239.4603333759283,
		3153.4431257253459,
		3121.9986823920626,
		3121.9986823920626,
		3121.9986823920626,
		3090.7736809487915,
		3066.0715467795994,
		3012.0723664260709,
		2972.2997349016468,
		2910.9059635571543,
		2910.9059635571543,
		2858.9331592202643,
		2858.9331592202643,
		2808.9211238575167,
		2772.3761095320988,
		2772.3761095320988,
		2772.3761095320988,
		2642.1627770310547,
		2642.1627770310547,
		2642.1627770310547,
		2609.1896297078297,
		2435.3805586333815,
		2435.3805586333815,
		2435.3805586333815,
		2435.3805586333815
	],
	"finalDist" : 2435.3805586333815,
	"genCount" : 44,
	"nodeCount" : 100,
	"timePerGen" : 
	[
		"00:00:00.540455",
		"00:00:01.065361",
		"00:00:01.687276",
		"00:00:02.481075",
		"00:00:03.136321",
		"00:00:04.029764",
		"00:00:04.641138",
		"00:00:05.157830",
		"00:00:05.717155",
		"00:00:06.551548",
		"00:00:07.186995",
		"00:00:08.301857",
		"00:00:09.345232",
		"00:00:10.433615",
		"00:00:11.351161",
		"00:00:12.280438",
		"00:00:13.022416",
		"00:00:13.778455",
		"00:00:14.584290",
		"00:00:15.403869",
		"00:00:16.131541",
		"00:00:16.725578",
		"00:00:17.291370",
		"00:00:17.883256",
		"00:00:18.484889",
		"00:00:19.060232",
		"00:00:19.615297",
		"00:00:20.221559",
		"00:00:20.889988",
		"00:00:21.513705",
		"00:00:22.143748",
		"00:00:22.734718",
		"00:00:23.446787",
		"00:00:24.048246",
		"00:00:24.612620",
		"00:00:25.182734",
		"00:00:25.761216",
		"00:00:26.336321",
		"00:00:26.910706",
		"00:00:27.455780",
		"00:00:28.107067",
		"00:00:28.885854",
		"00:00:29.500260",
		"00:00:30.131776"
	],
	"totalTime" : "00:00:30.204421"
}
