{
	"distancePerGen" : 
	[
		4365.8293880434212,
		4273.3542399855369,
		4205.8805675299354,
		4175.0336060092013,
		4091.5094085868427,
		4039.3993144393853,
		3977.9989109125836,
		3945.4851709391696,
		3930.6005476479172,
		3715.9597771937997,
		3612.3474594288841,
		3612.3474594288841,
		3612.3474594288841,
		3573.7003857358814,
		3573.7003857358814,
		3573.7003857358814,
		3538.0912556826679,
		3473.9312055826517,
		3437.1955416431242,
		3395.392875165388,
		3235.6692261051326,
		3235.6692261051326,
		3161.1305541787619,
		3161.1305541787619,
		3161.1305541787619,
		3161.1305541787619,
		3161.1305541787619,
		3088.8552840827128,
		3070.3963181213599,
		3070.3963181213599,
		3045.868558438392,
		3004.6722844549458,
		2982.3728614648994,
		2982.3728614648994,
		2982.3728614648994,
		2982.3728614648994,
		2879.7374505171115,
		2879.7374505171115,
		2873.2197733218504,
		2803.242176814771,
		2778.3065442434468,
		2778.3065442434468,
		2778.3065442434468,
		2740.9943210589922,
		2740.9943210589922,
		2675.5183580658259,
		2675.5183580658259,
		2675.5183580658259,
		2675.5183580658259,
		2653.8156639224017,
		2650.6191835650038,
		2603.2490199560561
	],
	"finalDist" : 2603.2490199560561,
	"genCount" : 52,
	"nodeCount" : 100,
	"timePerGen" : 
	[
		"00:00:00.534288",
		"00:00:01.064242",
		"00:00:01.600926",
		"00:00:02.138677",
		"00:00:02.686744",
		"00:00:03.245525",
		"00:00:03.859812",
		"00:00:04.426294",
		"00:00:04.961588",
		"00:00:05.561253",
		"00:00:06.100575",
		"00:00:06.641408",
		"00:00:07.199338",
		"00:00:07.743333",
		"00:00:08.314049",
		"00:00:08.868036",
		"00:00:09.425723",
		"00:00:09.996670",
		"00:00:10.649679",
		"00:00:11.222706",
		"00:00:11.788969",
		"00:00:12.356891",
		"00:00:12.901211",
		"00:00:13.427657",
		"00:00:13.968939",
		"00:00:14.529543",
		"00:00:15.076532",
		"00:00:15.673773",
		"00:00:16.233593",
		"00:00:16.827399",
		"00:00:17.429507",
		"00:00:18.036697",
		"00:00:18.611231",
		"00:00:19.211603",
		"00:00:19.816465",
		"00:00:20.405171",
		"00:00:20.971102",
		"00:00:21.552605",
		"00:00:22.133801",
		"00:00:22.719502",
		"00:00:23.286060",
		"00:00:23.836909",
		"00:00:24.420418",
		"00:00:25.030050",
		"00:00:25.634449",
		"00:00:26.224889",
		"00:00:26.826524",
		"00:00:27.420603",
		"00:00:27.983976",
		"00:00:28.751529",
		"00:00:29.811173",
		"00:00:30.806741"
	],
	"totalTime" : "00:00:30.808371"
}
